record_id,user_id,timestamp,arm,diastolic,position,pulse,systolic,is_outlier
REC_000001,elderly_001,2025-11-04T07:47:00,right,87,sitting,63,128,False
REC_000002,elderly_001,2025-11-04T19:01:00,left,78,sitting,70,103,False
REC_000015,elderly_001,2025-11-05T07:10:00,left,78,sitting,79,116,False
REC_000016,elderly_001,2025-11-05T21:20:00,right,68,sitting,68,126,False
REC_000029,elderly_001,2025-11-06T09:58:00,left,71,sitting,65,113,False
REC_000030,elderly_001,2025-11-06T21:49:00,right,85,sitting,63,118,False
REC_000041,elderly_001,2025-11-07T08:04:00,right,79,sitting,74,129,False
REC_000042,elderly_001,2025-11-07T19:50:00,right,76,sitting,74,110,False
REC_000054,elderly_001,2025-11-08T08:09:00,left,79,sitting,70,137,False
REC_000055,elderly_001,2025-11-08T21:20:00,left,77,sitting,58,128,False
REC_000068,elderly_001,2025-11-09T07:16:00,left,82,sitting,67,132,False
REC_000069,elderly_001,2025-11-09T21:40:00,left,79,sitting,63,129,False
REC_000081,elderly_001,2025-11-10T09:55:00,right,84,sitting,67,130,False
REC_000082,elderly_001,2025-11-10T19:12:00,left,77,sitting,63,111,False
REC_000095,elderly_001,2025-11-11T09:19:00,right,82,sitting,64,138,False
REC_000096,elderly_001,2025-11-11T20:28:00,left,76,sitting,57,113,False
REC_000109,elderly_001,2025-11-12T09:28:00,right,76,sitting,68,132,False
REC_000110,elderly_001,2025-11-12T21:15:00,right,75,sitting,70,124,False
REC_000122,elderly_001,2025-11-13T09:36:00,right,83,sitting,70,137,False
REC_000123,elderly_001,2025-11-13T19:29:00,right,71,sitting,75,114,False
REC_000135,elderly_001,2025-11-14T09:51:00,right,77,sitting,65,138,False
REC_000136,elderly_001,2025-11-14T19:54:00,right,70,sitting,71,125,False
REC_000148,elderly_001,2025-11-15T07:18:00,right,75,sitting,63,123,False
REC_000149,elderly_001,2025-11-15T21:35:00,right,71,sitting,75,114,False
REC_000162,elderly_001,2025-11-16T09:14:00,right,73,sitting,75,134,False
REC_000163,elderly_001,2025-11-16T20:36:00,left,70,sitting,67,110,False
REC_000175,elderly_001,2025-11-17T07:14:00,right,86,sitting,62,134,False
REC_000176,elderly_001,2025-11-17T21:02:00,right,72,sitting,63,118,False
REC_000189,elderly_001,2025-11-18T08:05:00,right,77,sitting,75,127,False
REC_000190,elderly_001,2025-11-18T21:45:00,left,74,sitting,77,114,False
REC_000203,elderly_001,2025-11-19T08:00:00,right,75,sitting,72,122,False
REC_000204,elderly_001,2025-11-19T20:21:00,right,71,sitting,72,112,False
REC_000217,elderly_001,2025-11-20T09:19:00,right,82,sitting,70,124,False
REC_000218,elderly_001,2025-11-20T19:15:00,right,72,sitting,71,114,False
REC_000231,elderly_001,2025-11-21T07:09:00,right,82,sitting,75,132,False
REC_000232,elderly_001,2025-11-21T21:23:00,right,78,sitting,68,125,False
REC_000245,elderly_001,2025-11-22T09:22:00,left,91,sitting,77,120,False
REC_000246,elderly_001,2025-11-22T21:40:00,left,74,sitting,67,113,False
REC_000259,elderly_001,2025-11-23T07:20:00,right,84,sitting,70,122,False
REC_000260,elderly_001,2025-11-23T20:38:00,left,74,sitting,66,109,False
REC_000272,elderly_001,2025-11-24T09:49:00,right,76,sitting,63,125,False
REC_000273,elderly_001,2025-11-24T19:11:00,left,83,sitting,72,116,False
REC_000285,elderly_001,2025-11-25T07:00:00,left,78,sitting,69,146,False
REC_000286,elderly_001,2025-11-25T21:35:00,left,67,sitting,77,125,False
REC_000299,elderly_001,2025-11-26T09:48:00,right,71,sitting,59,122,False
REC_000300,elderly_001,2025-11-26T19:28:00,right,80,sitting,70,100,False
REC_000312,elderly_001,2025-11-27T09:43:00,left,89,sitting,75,127,False
REC_000313,elderly_001,2025-11-27T21:42:00,right,78,sitting,72,116,False
REC_000325,elderly_001,2025-11-28T08:43:00,left,80,sitting,68,141,False
REC_000326,elderly_001,2025-11-28T20:51:00,right,77,sitting,57,104,False
REC_000338,elderly_001,2025-11-29T07:48:00,right,81,sitting,71,129,False
REC_000339,elderly_001,2025-11-29T19:49:00,right,74,sitting,72,121,False
REC_000352,elderly_001,2025-11-30T07:56:00,right,83,sitting,66,129,False
REC_000353,elderly_001,2025-11-30T20:02:00,right,72,sitting,63,118,False
REC_000365,elderly_001,2025-12-01T08:02:00,left,79,sitting,75,120,False
REC_000366,elderly_001,2025-12-01T21:09:00,right,64,sitting,62,110,False
REC_000378,elderly_001,2025-12-02T08:51:00,right,90,sitting,76,127,False
REC_000379,elderly_001,2025-12-02T21:46:00,right,76,sitting,62,110,False
REC_000391,elderly_001,2025-12-03T09:26:00,right,91,sitting,70,130,False
REC_000392,elderly_001,2025-12-03T20:15:00,right,68,sitting,67,122,False
REC_000404,elderly_002,2025-11-04T09:56:00,right,64,sitting,66,107,True
REC_000405,elderly_002,2025-11-04T20:23:00,right,72,sitting,66,117,False
REC_000418,elderly_002,2025-11-05T09:36:00,right,77,sitting,62,131,False
REC_000419,elderly_002,2025-11-05T19:52:00,left,71,sitting,69,113,False
REC_000432,elderly_002,2025-11-06T08:49:00,right,77,sitting,74,138,False
REC_000433,elderly_002,2025-11-06T20:41:00,right,78,sitting,72,115,False
REC_000446,elderly_002,2025-11-07T08:18:00,right,72,sitting,72,118,False
REC_000447,elderly_002,2025-11-07T19:51:00,right,74,sitting,72,112,False
REC_000460,elderly_002,2025-11-08T08:48:00,left,75,sitting,67,127,False
REC_000461,elderly_002,2025-11-08T21:28:00,left,71,sitting,72,108,False
REC_000473,elderly_002,2025-11-09T07:41:00,left,90,sitting,81,125,False
REC_000474,elderly_002,2025-11-09T21:14:00,right,65,sitting,76,122,False
REC_000486,elderly_002,2025-11-10T08:35:00,right,89,sitting,68,132,False
REC_000487,elderly_002,2025-11-10T21:26:00,left,74,sitting,73,109,False
REC_000499,elderly_002,2025-11-11T08:24:00,right,74,sitting,67,113,False
REC_000500,elderly_002,2025-11-11T20:06:00,right,64,sitting,70,119,False
REC_000513,elderly_002,2025-11-12T09:42:00,left,75,sitting,76,139,False
REC_000514,elderly_002,2025-11-12T21:46:00,left,93,sitting,84,159,True
REC_000527,elderly_002,2025-11-13T07:13:00,left,78,sitting,62,136,False
REC_000528,elderly_002,2025-11-13T20:10:00,right,69,sitting,74,105,False
REC_000541,elderly_002,2025-11-14T08:35:00,right,78,sitting,69,124,False
REC_000542,elderly_002,2025-11-14T20:00:00,left,71,sitting,75,118,False
REC_000554,elderly_002,2025-11-15T08:24:00,left,71,sitting,73,125,False
REC_000555,elderly_002,2025-11-15T21:49:00,left,60,sitting,66,113,False
REC_000568,elderly_002,2025-11-16T09:44:00,right,76,sitting,71,120,False
REC_000569,elderly_002,2025-11-16T19:07:00,right,65,sitting,67,121,False
REC_000581,elderly_002,2025-11-17T09:20:00,right,72,sitting,66,130,False
REC_000582,elderly_002,2025-11-17T21:11:00,left,65,sitting,68,120,False
REC_000594,elderly_002,2025-11-18T08:35:00,right,74,sitting,68,126,False
REC_000595,elderly_002,2025-11-18T21:52:00,left,64,sitting,67,116,False
REC_000607,elderly_002,2025-11-19T09:20:00,right,79,sitting,63,128,False
REC_000608,elderly_002,2025-11-19T21:26:00,right,73,sitting,72,113,False
REC_000620,elderly_002,2025-11-20T09:23:00,right,68,sitting,78,131,False
REC_000621,elderly_002,2025-11-20T21:19:00,left,64,sitting,68,113,False
REC_000634,elderly_002,2025-11-21T08:41:00,right,73,sitting,63,111,False
REC_000635,elderly_002,2025-11-21T19:33:00,left,69,sitting,68,106,False
REC_000647,elderly_002,2025-11-22T09:43:00,right,83,sitting,74,123,False
REC_000648,elderly_002,2025-11-22T19:29:00,left,71,sitting,69,113,False
REC_000660,elderly_002,2025-11-23T08:15:00,left,73,sitting,74,123,False
REC_000661,elderly_002,2025-11-23T19:14:00,left,77,sitting,57,119,False
REC_000683,elderly_002,2025-11-25T08:09:00,right,75,sitting,75,107,False
REC_000684,elderly_002,2025-11-25T20:52:00,left,72,sitting,65,117,False
REC_000697,elderly_002,2025-11-26T09:30:00,left,77,sitting,73,120,False
REC_000698,elderly_002,2025-11-26T20:50:00,right,71,sitting,64,131,False
REC_000710,elderly_002,2025-11-27T08:34:00,left,76,sitting,70,120,False
REC_000711,elderly_002,2025-11-27T20:58:00,left,65,sitting,64,121,False
REC_000722,elderly_002,2025-11-28T09:02:00,left,72,sitting,78,122,False
REC_000723,elderly_002,2025-11-28T20:09:00,left,74,sitting,67,113,False
REC_000736,elderly_002,2025-11-29T07:06:00,right,75,sitting,59,131,False
REC_000737,elderly_002,2025-11-29T20:15:00,right,76,sitting,73,109,False
REC_000750,elderly_002,2025-11-30T07:32:00,left,71,sitting,69,123,False
REC_000751,elderly_002,2025-11-30T19:48:00,left,76,sitting,72,96,False
REC_000764,elderly_002,2025-12-01T08:57:00,left,84,sitting,66,116,False
REC_000765,elderly_002,2025-12-01T19:08:00,right,69,sitting,78,129,False
REC_000777,elderly_002,2025-12-02T09:53:00,left,83,sitting,73,125,False
REC_000778,elderly_002,2025-12-02T21:14:00,left,70,sitting,66,124,False
REC_000791,elderly_002,2025-12-03T09:01:00,right,82,sitting,70,113,False
REC_000792,elderly_002,2025-12-03T21:02:00,right,64,sitting,72,93,False
REC_000804,elderly_003,2025-11-04T07:20:00,left,100,sitting,78,189,False
REC_000805,elderly_003,2025-11-04T20:40:00,left,95,sitting,78,157,False
REC_000816,elderly_003,2025-11-05T07:14:00,left,95,sitting,82,160,False
REC_000817,elderly_003,2025-11-05T20:56:00,left,83,sitting,69,147,False
REC_000828,elderly_003,2025-11-06T07:42:00,left,103,sitting,80,143,False
REC_000829,elderly_003,2025-11-06T21:04:00,right,88,sitting,76,144,False
REC_000841,elderly_003,2025-11-07T08:39:00,left,89,sitting,67,139,False
REC_000842,elderly_003,2025-11-07T20:58:00,left,93,sitting,74,120,False
REC_000855,elderly_003,2025-11-08T07:52:00,right,88,sitting,74,138,False
REC_000856,elderly_003,2025-11-08T20:23:00,right,99,sitting,68,158,False
REC_000868,elderly_003,2025-11-09T08:53:00,left,91,sitting,82,174,False
REC_000869,elderly_003,2025-11-09T19:24:00,right,86,sitting,70,135,False
REC_000881,elderly_003,2025-11-10T07:18:00,right,100,sitting,77,159,False
REC_000882,elderly_003,2025-11-10T20:06:00,left,83,sitting,71,137,False
REC_000895,elderly_003,2025-11-11T08:38:00,right,105,sitting,73,161,False
REC_000896,elderly_003,2025-11-11T21:35:00,left,103,sitting,75,132,False
REC_000908,elderly_003,2025-11-12T09:00:00,right,100,sitting,83,161,False
REC_000909,elderly_003,2025-11-12T19:13:00,left,89,sitting,85,127,False
REC_000921,elderly_003,2025-11-13T08:40:00,right,87,sitting,66,158,False
REC_000922,elderly_003,2025-11-13T19:35:00,left,89,sitting,82,150,False
REC_000935,elderly_003,2025-11-14T09:47:00,right,105,sitting,74,155,False
REC_000936,elderly_003,2025-11-14T20:49:00,left,89,sitting,82,135,False
REC_000948,elderly_003,2025-11-15T08:02:00,right,96,sitting,75,148,False
REC_000949,elderly_003,2025-11-15T20:30:00,right,106,sitting,71,148,False
REC_000972,elderly_003,2025-11-17T07:30:00,right,92,sitting,88,169,False
REC_000973,elderly_003,2025-11-17T21:26:00,left,90,sitting,77,145,False
REC_000986,elderly_003,2025-11-18T09:25:00,right,105,sitting,70,168,False
REC_000987,elderly_003,2025-11-18T21:10:00,left,98,sitting,78,157,False
REC_001000,elderly_003,2025-11-19T09:58:00,right,109,sitting,78,143,False
REC_001001,elderly_003,2025-11-19T21:00:00,left,91,sitting,81,175,False
REC_001014,elderly_003,2025-11-20T08:13:00,left,103,sitting,68,128,False
REC_001015,elderly_003,2025-11-20T19:58:00,left,101,sitting,75,171,False
REC_001028,elderly_003,2025-11-21T07:36:00,left,86,sitting,78,164,False
REC_001029,elderly_003,2025-11-21T19:51:00,left,96,sitting,75,131,False
REC_001042,elderly_003,2025-11-22T09:25:00,right,103,sitting,77,164,False
REC_001043,elderly_003,2025-11-22T21:18:00,right,81,sitting,68,141,False
REC_001056,elderly_003,2025-11-23T08:33:00,right,94,sitting,72,131,False
REC_001057,elderly_003,2025-11-23T20:26:00,right,110,sitting,80,193,True
REC_001069,elderly_003,2025-11-24T07:18:00,right,83,sitting,76,148,False
REC_001070,elderly_003,2025-11-24T20:19:00,left,94,sitting,70,152,False
REC_001082,elderly_003,2025-11-25T08:00:00,right,99,sitting,76,151,False
REC_001083,elderly_003,2025-11-25T21:38:00,right,100,sitting,83,143,False
REC_001096,elderly_003,2025-11-26T08:49:00,right,96,sitting,78,162,False
REC_001097,elderly_003,2025-11-26T19:33:00,right,80,sitting,78,137,False
REC_001108,elderly_003,2025-11-27T07:33:00,left,85,sitting,78,149,False
REC_001109,elderly_003,2025-11-27T21:47:00,right,80,sitting,73,159,False
REC_001121,elderly_003,2025-11-28T09:59:00,left,102,sitting,78,167,False
REC_001122,elderly_003,2025-11-28T19:16:00,left,93,sitting,74,153,False
REC_001133,elderly_003,2025-11-29T08:09:00,right,104,sitting,79,148,False
REC_001134,elderly_003,2025-11-29T20:05:00,left,97,sitting,73,135,False
REC_001147,elderly_003,2025-11-30T08:35:00,left,93,sitting,76,154,False
REC_001148,elderly_003,2025-11-30T20:10:00,right,97,sitting,77,143,False
REC_001161,elderly_003,2025-12-01T09:39:00,right,96,sitting,71,169,False
REC_001162,elderly_003,2025-12-01T20:58:00,left,87,sitting,81,135,False
REC_001175,elderly_003,2025-12-02T07:54:00,right,97,sitting,77,147,False
REC_001176,elderly_003,2025-12-02T20:14:00,left,91,sitting,61,157,False
REC_001188,elderly_003,2025-12-03T09:32:00,right,77,sitting,75,156,False
REC_001189,elderly_003,2025-12-03T19:11:00,right,76,sitting,79,139,False
REC_001202,elderly_004,2025-11-04T07:03:00,left,107,sitting,80,164,False
REC_001203,elderly_004,2025-11-04T21:36:00,left,88,sitting,79,157,False
REC_001216,elderly_004,2025-11-05T07:56:00,left,74,sitting,79,150,False
REC_001217,elderly_004,2025-11-05T21:54:00,left,99,sitting,85,150,False
REC_001230,elderly_004,2025-11-06T08:40:00,left,107,sitting,84,151,False
REC_001231,elderly_004,2025-11-06T20:45:00,right,83,sitting,78,165,False
REC_001253,elderly_004,2025-11-08T09:48:00,right,95,sitting,78,122,False
REC_001254,elderly_004,2025-11-08T19:29:00,right,90,sitting,85,133,False
REC_001266,elderly_004,2025-11-09T09:04:00,left,83,sitting,83,156,False
REC_001267,elderly_004,2025-11-09T20:11:00,right,91,sitting,83,163,False
REC_001280,elderly_004,2025-11-10T07:35:00,left,116,sitting,74,169,False
REC_001281,elderly_004,2025-11-10T19:00:00,left,96,sitting,77,152,False
REC_001294,elderly_004,2025-11-11T08:34:00,right,104,sitting,70,145,False
REC_001295,elderly_004,2025-11-11T20:10:00,right,117,sitting,80,155,False
REC_001308,elderly_004,2025-11-12T07:03:00,left,92,sitting,81,149,False
REC_001309,elderly_004,2025-11-12T20:43:00,left,106,sitting,84,184,True
REC_001322,elderly_004,2025-11-13T07:57:00,right,106,sitting,77,161,False
REC_001323,elderly_004,2025-11-13T20:44:00,left,109,sitting,73,145,False
REC_001354,elderly_004,2025-11-16T09:04:00,left,111,sitting,82,139,False
REC_001355,elderly_004,2025-11-16T19:51:00,left,104,sitting,82,154,False
REC_001367,elderly_004,2025-11-17T09:05:00,left,87,sitting,73,148,True
REC_001368,elderly_004,2025-11-17T21:23:00,left,73,sitting,72,179,False
REC_001390,elderly_004,2025-11-19T08:37:00,left,88,sitting,87,190,False
REC_001391,elderly_004,2025-11-19T19:30:00,right,94,sitting,72,133,False
REC_001403,elderly_004,2025-11-20T08:47:00,right,100,sitting,77,132,False
REC_001404,elderly_004,2025-11-20T21:02:00,left,91,sitting,80,154,False
REC_001416,elderly_004,2025-11-21T09:09:00,left,91,sitting,75,173,False
REC_001417,elderly_004,2025-11-21T20:22:00,left,81,sitting,82,141,False
REC_001430,elderly_004,2025-11-22T07:34:00,left,108,sitting,76,161,False
REC_001431,elderly_004,2025-11-22T20:59:00,right,96,sitting,77,149,False
REC_001444,elderly_004,2025-11-23T09:05:00,right,88,sitting,73,176,False
REC_001445,elderly_004,2025-11-23T21:57:00,left,79,sitting,83,158,False
REC_001457,elderly_004,2025-11-24T08:37:00,right,103,sitting,73,149,False
REC_001458,elderly_004,2025-11-24T21:46:00,left,78,sitting,74,113,False
REC_001470,elderly_004,2025-11-25T09:45:00,left,95,sitting,76,161,False
REC_001471,elderly_004,2025-11-25T20:22:00,right,91,sitting,82,151,False
REC_001483,elderly_004,2025-11-26T09:15:00,right,108,sitting,79,185,False
REC_001484,elderly_004,2025-11-26T19:57:00,left,95,sitting,78,132,False
REC_001497,elderly_004,2025-11-27T09:37:00,right,101,sitting,67,176,False
REC_001498,elderly_004,2025-11-27T19:21:00,right,113,sitting,75,159,False
REC_001511,elderly_004,2025-11-28T07:24:00,right,91,sitting,81,169,False
REC_001512,elderly_004,2025-11-28T21:10:00,right,90,sitting,78,152,False
REC_001525,elderly_004,2025-11-29T09:01:00,right,95,sitting,81,150,False
REC_001526,elderly_004,2025-11-29T19:44:00,right,87,sitting,69,144,False
REC_001538,elderly_004,2025-11-30T08:59:00,left,92,sitting,74,144,False
REC_001539,elderly_004,2025-11-30T19:09:00,left,78,sitting,81,149,False
REC_001551,elderly_004,2025-12-01T07:33:00,right,86,sitting,74,137,False
REC_001552,elderly_004,2025-12-01T19:15:00,left,85,sitting,74,129,False
REC_001574,elderly_004,2025-12-03T07:10:00,right,82,sitting,76,152,False
REC_001575,elderly_004,2025-12-03T20:28:00,right,79,sitting,79,144,False
REC_001587,elderly_005,2025-11-04T08:11:00,right,90,sitting,73,142,False
REC_001588,elderly_005,2025-11-04T21:43:00,right,80,sitting,72,142,False
REC_001600,elderly_005,2025-11-05T08:33:00,right,83,sitting,82,143,False
REC_001601,elderly_005,2025-11-05T19:12:00,right,85,sitting,77,127,False
REC_001614,elderly_005,2025-11-06T08:20:00,left,102,sitting,74,150,False
REC_001615,elderly_005,2025-11-06T19:55:00,right,85,sitting,73,142,False
REC_001626,elderly_005,2025-11-07T07:41:00,right,94,sitting,70,146,False
REC_001627,elderly_005,2025-11-07T19:58:00,right,84,sitting,70,119,False
REC_001640,elderly_005,2025-11-08T09:31:00,right,89,sitting,68,127,False
REC_001641,elderly_005,2025-11-08T20:05:00,left,83,sitting,75,129,False
REC_001653,elderly_005,2025-11-09T07:31:00,left,84,sitting,70,133,False
REC_001654,elderly_005,2025-11-09T20:46:00,right,87,sitting,74,131,False
REC_001667,elderly_005,2025-11-10T09:55:00,left,79,sitting,79,131,False
REC_001668,elderly_005,2025-11-10T19:50:00,left,74,sitting,68,123,False
REC_001681,elderly_005,2025-11-11T07:27:00,left,85,sitting,67,122,False
REC_001682,elderly_005,2025-11-11T21:45:00,right,70,sitting,79,134,False
REC_001695,elderly_005,2025-11-12T08:07:00,left,82,sitting,72,130,False
REC_001696,elderly_005,2025-11-12T21:37:00,left,70,sitting,70,144,False
REC_001719,elderly_005,2025-11-14T08:42:00,left,83,sitting,76,143,False
REC_001720,elderly_005,2025-11-14T20:21:00,right,67,sitting,71,114,False
REC_001733,elderly_005,2025-11-15T07:03:00,right,87,sitting,75,145,False
REC_001734,elderly_005,2025-11-15T19:20:00,left,92,sitting,73,141,False
REC_001747,elderly_005,2025-11-16T07:37:00,left,92,sitting,72,140,False
REC_001748,elderly_005,2025-11-16T19:46:00,right,77,sitting,73,127,False
REC_001759,elderly_005,2025-11-17T07:28:00,right,84,sitting,66,148,False
REC_001760,elderly_005,2025-11-17T19:05:00,right,74,sitting,75,134,False
REC_001773,elderly_005,2025-11-18T07:56:00,right,92,sitting,70,162,False
REC_001774,elderly_005,2025-11-18T19:56:00,right,81,sitting,74,126,False
REC_001786,elderly_005,2025-11-19T07:18:00,left,94,sitting,66,130,False
REC_001787,elderly_005,2025-11-19T20:24:00,left,76,sitting,75,139,False
REC_001800,elderly_005,2025-11-20T08:12:00,right,82,sitting,61,132,False
REC_001801,elderly_005,2025-11-20T21:36:00,left,80,sitting,71,141,False
REC_001812,elderly_005,2025-11-21T09:08:00,right,84,sitting,78,138,False
REC_001813,elderly_005,2025-11-21T21:10:00,right,97,sitting,69,125,False
REC_001825,elderly_005,2025-11-22T08:40:00,right,88,sitting,75,140,False
REC_001826,elderly_005,2025-11-22T19:19:00,right,77,sitting,76,135,False
REC_001838,elderly_005,2025-11-23T08:52:00,right,110,sitting,78,210,True
REC_001839,elderly_005,2025-11-23T19:14:00,right,81,sitting,71,113,False
REC_001852,elderly_005,2025-11-24T09:11:00,left,82,sitting,69,129,False
REC_001853,elderly_005,2025-11-24T20:18:00,left,87,sitting,69,130,False
REC_001866,elderly_005,2025-11-25T09:27:00,left,85,sitting,69,143,False
REC_001867,elderly_005,2025-11-25T19:17:00,left,88,sitting,70,124,False
REC_001879,elderly_005,2025-11-26T07:34:00,left,96,sitting,78,148,False
REC_001880,elderly_005,2025-11-26T19:45:00,left,91,sitting,76,129,False
REC_001893,elderly_005,2025-11-27T08:41:00,right,100,sitting,77,138,False
REC_001894,elderly_005,2025-11-27T19:45:00,right,78,sitting,76,98,False
REC_001907,elderly_005,2025-11-28T09:21:00,left,88,sitting,87,137,False
REC_001908,elderly_005,2025-11-28T21:55:00,left,78,sitting,77,113,False
REC_001921,elderly_005,2025-11-29T08:35:00,left,90,sitting,75,152,False
REC_001922,elderly_005,2025-11-29T19:00:00,right,83,sitting,73,140,False
REC_001934,elderly_005,2025-11-30T07:56:00,right,89,sitting,71,132,False
REC_001935,elderly_005,2025-11-30T21:19:00,right,72,sitting,83,126,False
REC_001948,elderly_005,2025-12-01T07:42:00,right,87,sitting,73,143,False
REC_001949,elderly_005,2025-12-01T20:30:00,right,82,sitting,67,128,False
REC_001961,elderly_005,2025-12-02T09:54:00,left,91,sitting,68,148,False
REC_001962,elderly_005,2025-12-02T19:31:00,right,83,sitting,70,118,False
REC_001975,elderly_005,2025-12-03T07:36:00,left,95,sitting,64,139,False
REC_001976,elderly_005,2025-12-03T20:03:00,left,80,sitting,70,123,False
REC_001989,elderly_006,2025-11-04T07:01:00,right,99,sitting,84,135,False
REC_001990,elderly_006,2025-11-04T20:44:00,left,95,sitting,72,131,False
REC_002002,elderly_006,2025-11-05T09:24:00,right,91,sitting,81,160,False
REC_002003,elderly_006,2025-11-05T20:40:00,left,81,sitting,72,138,False
REC_002015,elderly_006,2025-11-06T07:35:00,left,86,sitting,79,140,False
REC_002016,elderly_006,2025-11-06T20:42:00,right,91,sitting,76,138,False
REC_002028,elderly_006,2025-11-07T09:10:00,left,108,sitting,75,159,False
REC_002029,elderly_006,2025-11-07T20:07:00,right,75,sitting,75,133,False
REC_002041,elderly_006,2025-11-08T07:58:00,left,89,sitting,76,160,False
REC_002042,elderly_006,2025-11-08T20:22:00,right,87,sitting,70,146,False
REC_002054,elderly_006,2025-11-09T07:43:00,right,77,sitting,78,148,False
REC_002055,elderly_006,2025-11-09T19:27:00,right,81,sitting,76,141,False
REC_002068,elderly_006,2025-11-10T08:10:00,left,88,sitting,75,131,False
REC_002069,elderly_006,2025-11-10T19:12:00,left,89,sitting,72,131,False
REC_002082,elderly_006,2025-11-11T07:44:00,left,88,sitting,80,139,False
REC_002083,elderly_006,2025-11-11T19:25:00,right,106,sitting,80,121,False
REC_002095,elderly_006,2025-11-12T07:41:00,left,87,sitting,82,136,False
REC_002096,elderly_006,2025-11-12T21:58:00,right,95,sitting,70,141,False
REC_002108,elderly_006,2025-11-13T09:17:00,right,89,sitting,75,152,False
REC_002109,elderly_006,2025-11-13T21:45:00,right,84,sitting,72,131,False
REC_002122,elderly_006,2025-11-14T08:17:00,right,79,sitting,69,153,False
REC_002123,elderly_006,2025-11-14T19:46:00,left,78,sitting,78,131,False
REC_002135,elderly_006,2025-11-15T09:57:00,left,93,sitting,80,137,False
REC_002136,elderly_006,2025-11-15T21:44:00,left,94,sitting,77,131,False
REC_002148,elderly_006,2025-11-16T07:55:00,right,98,sitting,82,127,False
REC_002149,elderly_006,2025-11-16T20:46:00,right,67,sitting,77,140,False
REC_002162,elderly_006,2025-11-17T07:07:00,left,86,sitting,89,144,False
REC_002163,elderly_006,2025-11-17T21:37:00,left,97,sitting,80,136,False
REC_002176,elderly_006,2025-11-18T09:29:00,left,86,sitting,72,153,False
REC_002177,elderly_006,2025-11-18T20:41:00,right,88,sitting,80,125,False
REC_002189,elderly_006,2025-11-19T09:05:00,left,93,sitting,79,145,False
REC_002190,elderly_006,2025-11-19T21:10:00,right,85,sitting,83,144,False
REC_002212,elderly_006,2025-11-21T08:38:00,right,82,sitting,76,139,False
REC_002213,elderly_006,2025-11-21T19:40:00,right,87,sitting,82,135,False
REC_002225,elderly_006,2025-11-22T09:42:00,right,99,sitting,80,152,False
REC_002226,elderly_006,2025-11-22T19:09:00,right,98,sitting,69,117,False
REC_002239,elderly_006,2025-11-23T07:51:00,left,93,sitting,76,135,False
REC_002240,elderly_006,2025-11-23T20:47:00,left,69,sitting,80,132,False
REC_002251,elderly_006,2025-11-24T07:35:00,left,102,sitting,80,152,False
REC_002252,elderly_006,2025-11-24T21:24:00,left,89,sitting,76,116,False
REC_002263,elderly_006,2025-11-25T07:40:00,left,102,sitting,75,120,False
REC_002264,elderly_006,2025-11-25T19:09:00,left,100,sitting,81,128,False
REC_002277,elderly_006,2025-11-26T08:29:00,right,91,sitting,73,132,False
REC_002278,elderly_006,2025-11-26T20:06:00,left,75,sitting,72,136,False
REC_002291,elderly_006,2025-11-27T07:06:00,left,87,sitting,64,149,False
REC_002292,elderly_006,2025-11-27T21:57:00,left,77,sitting,68,123,False
REC_002314,elderly_006,2025-11-29T09:15:00,right,74,sitting,72,128,False
REC_002315,elderly_006,2025-11-29T20:45:00,left,93,sitting,79,147,False
REC_002337,elderly_006,2025-12-01T09:18:00,right,98,sitting,79,151,False
REC_002338,elderly_006,2025-12-01T21:19:00,right,76,sitting,80,141,False
REC_002351,elderly_006,2025-12-02T09:40:00,left,86,sitting,75,157,False
REC_002352,elderly_006,2025-12-02T21:47:00,left,83,sitting,71,127,False
REC_002364,elderly_006,2025-12-03T08:00:00,left,89,sitting,76,141,False
REC_002365,elderly_006,2025-12-03T19:45:00,left,82,sitting,92,141,False
REC_002378,elderly_007,2025-11-04T08:50:00,right,85,sitting,75,140,False
REC_002379,elderly_007,2025-11-04T19:48:00,right,82,sitting,72,134,False
REC_002400,elderly_007,2025-11-06T09:39:00,right,96,sitting,72,144,False
REC_002401,elderly_007,2025-11-06T20:00:00,right,84,sitting,79,141,False
REC_002414,elderly_007,2025-11-07T08:48:00,right,91,sitting,75,149,False
REC_002415,elderly_007,2025-11-07T20:38:00,left,84,sitting,74,133,False
REC_002428,elderly_007,2025-11-08T08:59:00,left,86,sitting,78,152,False
REC_002429,elderly_007,2025-11-08T20:04:00,left,84,sitting,68,121,False
REC_002441,elderly_007,2025-11-09T07:01:00,left,95,sitting,69,147,False
REC_002442,elderly_007,2025-11-09T21:30:00,left,89,sitting,73,149,False
REC_002455,elderly_007,2025-11-10T09:32:00,left,95,sitting,80,129,False
REC_002456,elderly_007,2025-11-10T21:14:00,left,82,sitting,81,126,False
REC_002468,elderly_007,2025-11-11T07:35:00,right,78,sitting,82,136,False
REC_002469,elderly_007,2025-11-11T19:24:00,left,60,sitting,78,108,False
REC_002481,elderly_007,2025-11-12T07:07:00,left,99,sitting,71,147,False
REC_002482,elderly_007,2025-11-12T19:45:00,left,127,sitting,74,181,True
REC_002493,elderly_007,2025-11-13T07:36:00,left,81,sitting,72,134,False
REC_002494,elderly_007,2025-11-13T21:51:00,right,88,sitting,70,143,False
REC_002505,elderly_007,2025-11-14T07:57:00,right,90,sitting,68,130,False
REC_002506,elderly_007,2025-11-14T21:06:00,left,86,sitting,76,140,False
REC_002519,elderly_007,2025-11-15T09:37:00,left,96,sitting,73,131,False
REC_002520,elderly_007,2025-11-15T19:02:00,right,73,sitting,78,138,False
REC_002532,elderly_007,2025-11-16T07:47:00,right,90,sitting,71,114,False
REC_002533,elderly_007,2025-11-16T20:40:00,left,73,sitting,82,128,False
REC_002546,elderly_007,2025-11-17T08:06:00,left,85,sitting,75,162,False
REC_002547,elderly_007,2025-11-17T21:27:00,left,92,sitting,79,118,False
REC_002559,elderly_007,2025-11-18T09:21:00,left,82,sitting,72,146,False
REC_002560,elderly_007,2025-11-18T19:53:00,left,70,sitting,73,118,False
REC_002572,elderly_007,2025-11-19T08:17:00,left,102,sitting,71,165,False
REC_002573,elderly_007,2025-11-19T20:35:00,left,84,sitting,79,125,False
REC_002585,elderly_007,2025-11-20T09:50:00,left,90,sitting,75,110,False
REC_002586,elderly_007,2025-11-20T19:27:00,left,83,sitting,70,143,False
REC_002599,elderly_007,2025-11-21T07:39:00,left,94,sitting,79,147,False
REC_002600,elderly_007,2025-11-21T20:40:00,right,85,sitting,73,138,False
REC_002612,elderly_007,2025-11-22T07:15:00,right,85,sitting,78,140,False
REC_002613,elderly_007,2025-11-22T21:20:00,right,82,sitting,82,106,False
REC_002625,elderly_007,2025-11-23T08:38:00,left,82,sitting,75,145,False
REC_002626,elderly_007,2025-11-23T19:23:00,left,88,sitting,80,155,False
REC_002639,elderly_007,2025-11-24T07:11:00,right,88,sitting,75,136,False
REC_002640,elderly_007,2025-11-24T19:56:00,left,84,sitting,71,132,False
REC_002653,elderly_007,2025-11-25T07:29:00,left,85,sitting,79,141,False
REC_002654,elderly_007,2025-11-25T20:44:00,right,90,sitting,77,139,False
REC_002676,elderly_007,2025-11-27T09:04:00,left,71,sitting,85,123,False
REC_002677,elderly_007,2025-11-27T20:23:00,right,77,sitting,83,134,False
REC_002688,elderly_007,2025-11-28T08:32:00,right,82,sitting,76,141,False
REC_002689,elderly_007,2025-11-28T19:50:00,left,93,sitting,76,135,False
REC_002702,elderly_007,2025-11-29T09:36:00,left,93,sitting,83,150,False
REC_002703,elderly_007,2025-11-29T20:32:00,right,88,sitting,75,156,False
REC_002714,elderly_007,2025-11-30T09:45:00,right,82,sitting,76,149,False
REC_002715,elderly_007,2025-11-30T20:59:00,right,82,sitting,71,120,False
REC_002737,elderly_007,2025-12-02T07:10:00,right,91,sitting,69,136,False
REC_002738,elderly_007,2025-12-02T21:32:00,right,95,sitting,68,144,False
REC_002751,elderly_007,2025-12-03T09:40:00,right,87,sitting,76,121,False
REC_002752,elderly_007,2025-12-03T21:48:00,left,73,sitting,70,135,False
REC_002764,elderly_008,2025-11-04T08:23:00,left,71,sitting,63,115,False
REC_002765,elderly_008,2025-11-04T20:41:00,right,75,sitting,78,116,False
REC_002778,elderly_008,2025-11-05T09:17:00,right,72,sitting,81,121,False
REC_002779,elderly_008,2025-11-05T19:13:00,right,66,sitting,87,102,False
REC_002792,elderly_008,2025-11-06T07:04:00,right,70,sitting,78,119,False
REC_002793,elderly_008,2025-11-06T21:43:00,right,64,sitting,82,99,False
REC_002805,elderly_008,2025-11-07T09:45:00,right,69,sitting,79,121,False
REC_002806,elderly_008,2025-11-07T20:35:00,left,64,sitting,81,99,False
REC_002828,elderly_008,2025-11-09T07:36:00,right,60,sitting,80,95,False
REC_002829,elderly_008,2025-11-09T20:28:00,right,80,sitting,70,88,False
REC_002840,elderly_008,2025-11-10T08:17:00,right,78,sitting,76,120,False
REC_002841,elderly_008,2025-11-10T19:53:00,left,65,sitting,87,107,False
REC_002853,elderly_008,2025-11-11T08:46:00,left,69,sitting,82,116,False
REC_002854,elderly_008,2025-11-11T19:33:00,right,73,sitting,80,114,False
REC_002867,elderly_008,2025-11-12T08:30:00,left,68,sitting,77,119,False
REC_002868,elderly_008,2025-11-12T20:31:00,left,65,sitting,70,97,False
REC_002880,elderly_008,2025-11-13T09:55:00,left,69,sitting,82,108,False
REC_002881,elderly_008,2025-11-13T21:17:00,left,61,sitting,75,119,False
REC_002893,elderly_008,2025-11-14T09:14:00,left,71,sitting,84,123,False
REC_002894,elderly_008,2025-11-14T21:09:00,left,51,sitting,77,118,False
REC_002906,elderly_008,2025-11-15T08:00:00,right,70,sitting,81,104,False
REC_002907,elderly_008,2025-11-15T20:52:00,left,72,sitting,86,92,False
REC_002919,elderly_008,2025-11-16T09:27:00,right,77,sitting,78,130,False
REC_002920,elderly_008,2025-11-16T21:33:00,left,71,sitting,75,93,False
REC_002942,elderly_008,2025-11-18T09:44:00,right,76,sitting,84,110,False
REC_002943,elderly_008,2025-11-18T20:09:00,right,58,sitting,71,102,False
REC_002965,elderly_008,2025-11-20T09:01:00,right,72,sitting,94,102,False
REC_002966,elderly_008,2025-11-20T20:34:00,right,63,sitting,76,95,False
REC_002979,elderly_008,2025-11-21T09:03:00,left,78,sitting,82,113,False
REC_002980,elderly_008,2025-11-21T19:20:00,left,66,sitting,85,103,False
REC_002992,elderly_008,2025-11-22T07:52:00,right,70,sitting,79,117,False
REC_002993,elderly_008,2025-11-22T21:45:00,right,57,sitting,81,105,False
REC_003005,elderly_008,2025-11-23T09:20:00,left,69,sitting,83,122,False
REC_003006,elderly_008,2025-11-23T19:59:00,right,74,sitting,83,89,False
REC_003017,elderly_008,2025-11-24T07:47:00,right,56,sitting,75,103,False
REC_003018,elderly_008,2025-11-24T19:48:00,left,73,sitting,86,112,False
REC_003030,elderly_008,2025-11-25T08:04:00,left,69,sitting,83,112,False
REC_003031,elderly_008,2025-11-25T21:04:00,left,59,sitting,83,116,False
REC_003043,elderly_008,2025-11-26T08:09:00,right,74,sitting,89,93,False
REC_003044,elderly_008,2025-11-26T19:25:00,right,60,sitting,82,81,False
REC_003056,elderly_008,2025-11-27T07:41:00,left,66,sitting,75,115,False
REC_003057,elderly_008,2025-11-27T20:20:00,left,57,sitting,75,111,False
REC_003068,elderly_008,2025-11-28T07:08:00,right,65,sitting,81,124,False
REC_003069,elderly_008,2025-11-28T20:37:00,right,62,sitting,86,95,False
REC_003091,elderly_008,2025-11-30T09:51:00,left,70,sitting,79,116,False
REC_003092,elderly_008,2025-11-30T19:37:00,right,56,sitting,73,89,False
REC_003104,elderly_008,2025-12-01T09:18:00,right,74,sitting,80,112,False
REC_003105,elderly_008,2025-12-01T20:48:00,left,66,sitting,82,106,False
REC_003118,elderly_008,2025-12-02T08:00:00,left,75,sitting,70,102,False
REC_003119,elderly_008,2025-12-02T19:06:00,left,66,sitting,80,116,False
REC_003132,elderly_008,2025-12-03T08:50:00,left,78,sitting,77,103,False
REC_003133,elderly_008,2025-12-03T21:37:00,right,57,sitting,74,85,False
REC_003146,elderly_009,2025-11-04T08:01:00,left,94,sitting,78,177,False
REC_003147,elderly_009,2025-11-04T20:40:00,right,102,sitting,78,149,False
REC_003160,elderly_009,2025-11-05T09:52:00,left,107,sitting,83,163,False
REC_003161,elderly_009,2025-11-05T21:43:00,left,95,sitting,81,125,False
REC_003173,elderly_009,2025-11-06T07:28:00,left,118,sitting,79,200,True
REC_003174,elderly_009,2025-11-06T21:47:00,right,98,sitting,73,160,False
REC_003187,elderly_009,2025-11-07T08:29:00,left,119,sitting,76,171,False
REC_003188,elderly_009,2025-11-07T20:11:00,right,98,sitting,83,161,False
REC_003200,elderly_009,2025-11-08T09:09:00,right,96,sitting,78,146,False
REC_003201,elderly_009,2025-11-08T20:22:00,right,92,sitting,77,156,False
REC_003213,elderly_009,2025-11-09T08:14:00,left,103,sitting,74,191,False
REC_003214,elderly_009,2025-11-09T21:41:00,left,120,sitting,85,168,True
REC_003237,elderly_009,2025-11-11T08:07:00,left,108,sitting,82,181,False
REC_003238,elderly_009,2025-11-11T19:24:00,right,63,sitting,89,133,True
REC_003251,elderly_009,2025-11-12T07:14:00,left,117,sitting,78,154,False
REC_003252,elderly_009,2025-11-12T19:33:00,right,116,sitting,76,197,True
REC_003264,elderly_009,2025-11-13T09:33:00,left,91,sitting,84,165,False
REC_003265,elderly_009,2025-11-13T21:02:00,right,91,sitting,86,156,False
REC_003278,elderly_009,2025-11-14T09:11:00,right,100,sitting,78,139,False
REC_003279,elderly_009,2025-11-14T19:56:00,right,89,sitting,82,144,False
REC_003291,elderly_009,2025-11-15T09:46:00,right,95,sitting,84,193,False
REC_003292,elderly_009,2025-11-15T21:22:00,right,93,sitting,78,160,False
REC_003304,elderly_009,2025-11-16T07:45:00,right,109,sitting,76,163,False
REC_003305,elderly_009,2025-11-16T19:13:00,right,107,sitting,82,149,False
REC_003317,elderly_009,2025-11-17T08:10:00,left,104,sitting,84,194,False
REC_003318,elderly_009,2025-11-17T20:35:00,left,100,sitting,82,140,False
REC_003330,elderly_009,2025-11-18T08:56:00,right,126,sitting,79,172,False
REC_003331,elderly_009,2025-11-18T20:33:00,left,77,sitting,84,123,True
REC_003343,elderly_009,2025-11-19T09:35:00,right,121,sitting,78,179,False
REC_003344,elderly_009,2025-11-19T20:12:00,right,109,sitting,84,148,False
REC_003357,elderly_009,2025-11-20T07:10:00,right,116,sitting,87,167,False
REC_003358,elderly_009,2025-11-20T19:05:00,right,89,sitting,74,162,False
REC_003371,elderly_009,2025-11-21T08:59:00,right,88,sitting,86,180,False
REC_003372,elderly_009,2025-11-21T19:21:00,right,96,sitting,83,162,False
REC_003394,elderly_009,2025-11-23T07:03:00,right,107,sitting,79,171,False
REC_003395,elderly_009,2025-11-23T21:20:00,left,84,sitting,78,158,False
REC_003408,elderly_009,2025-11-24T09:12:00,right,94,sitting,88,179,False
REC_003409,elderly_009,2025-11-24T21:25:00,left,78,sitting,77,192,False
REC_003422,elderly_009,2025-11-25T09:42:00,left,100,sitting,80,171,False
REC_003423,elderly_009,2025-11-25T20:35:00,left,97,sitting,79,145,False
REC_003435,elderly_009,2025-11-26T07:22:00,left,90,sitting,82,168,False
REC_003436,elderly_009,2025-11-26T19:10:00,left,102,sitting,84,158,False
REC_003448,elderly_009,2025-11-27T09:35:00,right,116,sitting,91,156,False
REC_003449,elderly_009,2025-11-27T21:52:00,right,95,sitting,83,161,False
REC_003461,elderly_009,2025-11-28T09:34:00,right,121,sitting,89,189,True
REC_003462,elderly_009,2025-11-28T21:03:00,left,101,sitting,84,140,False
REC_003484,elderly_009,2025-11-30T08:42:00,left,97,sitting,79,152,False
REC_003485,elderly_009,2025-11-30T20:31:00,left,95,sitting,82,170,False
REC_003497,elderly_009,2025-12-01T08:16:00,left,105,sitting,75,165,False
REC_003498,elderly_009,2025-12-01T21:31:00,right,98,sitting,86,156,False
REC_003510,elderly_009,2025-12-02T09:13:00,right,108,sitting,84,172,False
REC_003511,elderly_009,2025-12-02T19:17:00,left,82,sitting,84,135,False
REC_003524,elderly_009,2025-12-03T07:46:00,left,119,sitting,85,175,False
REC_003525,elderly_009,2025-12-03T21:04:00,left,101,sitting,79,146,False
REC_003547,elderly_010,2025-11-05T07:49:00,left,101,sitting,84,175,False
REC_003548,elderly_010,2025-11-05T19:20:00,right,117,sitting,84,175,False
REC_003560,elderly_010,2025-11-06T07:25:00,left,113,sitting,89,187,False
REC_003561,elderly_010,2025-11-06T20:23:00,left,90,sitting,89,151,False
REC_003574,elderly_010,2025-11-07T09:43:00,left,118,sitting,81,179,False
REC_003575,elderly_010,2025-11-07T19:15:00,right,115,sitting,79,134,False
REC_003587,elderly_010,2025-11-08T07:29:00,right,89,sitting,83,162,False
REC_003588,elderly_010,2025-11-08T19:13:00,right,107,sitting,83,173,False
REC_003601,elderly_010,2025-11-09T07:53:00,right,113,sitting,83,171,False
REC_003602,elderly_010,2025-11-09T21:44:00,right,100,sitting,88,131,False
REC_003614,elderly_010,2025-11-10T08:15:00,left,95,sitting,88,168,False
REC_003615,elderly_010,2025-11-10T21:44:00,left,111,sitting,76,185,False
REC_003628,elderly_010,2025-11-11T09:08:00,right,121,sitting,83,175,False
REC_003629,elderly_010,2025-11-11T20:44:00,right,77,sitting,79,123,True
REC_003641,elderly_010,2025-11-12T07:53:00,left,97,sitting,93,179,False
REC_003642,elderly_010,2025-11-12T20:39:00,right,89,sitting,71,197,False
REC_003654,elderly_010,2025-11-13T08:26:00,left,102,sitting,77,182,False
REC_003655,elderly_010,2025-11-13T19:51:00,left,85,sitting,84,148,False
REC_003667,elderly_010,2025-11-14T09:12:00,right,101,sitting,84,198,False
REC_003668,elderly_010,2025-11-14T20:01:00,right,110,sitting,82,156,False
REC_003679,elderly_010,2025-11-15T07:29:00,left,118,sitting,76,180,False
REC_003680,elderly_010,2025-11-15T19:38:00,right,110,sitting,86,169,False
REC_003703,elderly_010,2025-11-17T07:11:00,right,93,sitting,91,170,False
REC_003704,elderly_010,2025-11-17T21:55:00,right,98,sitting,77,158,False
REC_003717,elderly_010,2025-11-18T09:32:00,left,80,sitting,83,184,False
REC_003718,elderly_010,2025-11-18T19:57:00,left,87,sitting,84,142,False
REC_003730,elderly_010,2025-11-19T09:07:00,left,99,sitting,85,176,False
REC_003731,elderly_010,2025-11-19T21:25:00,right,88,sitting,86,125,False
REC_003764,elderly_010,2025-11-22T09:32:00,left,105,sitting,79,155,False
REC_003765,elderly_010,2025-11-22T19:31:00,right,86,sitting,96,154,False
REC_003776,elderly_010,2025-11-23T08:18:00,right,105,sitting,71,156,False
REC_003777,elderly_010,2025-11-23T21:59:00,right,102,sitting,90,130,False
REC_003789,elderly_010,2025-11-24T08:35:00,left,107,sitting,93,154,False
REC_003790,elderly_010,2025-11-24T21:52:00,left,103,sitting,78,127,False
REC_003803,elderly_010,2025-11-25T07:51:00,right,105,sitting,86,189,False
REC_003804,elderly_010,2025-11-25T21:51:00,right,96,sitting,84,180,False
REC_003816,elderly_010,2025-11-26T09:22:00,left,96,sitting,81,177,False
REC_003817,elderly_010,2025-11-26T19:01:00,right,110,sitting,91,157,False
REC_003829,elderly_010,2025-11-27T07:38:00,left,104,sitting,83,152,False
REC_003830,elderly_010,2025-11-27T19:58:00,right,106,sitting,84,164,False
REC_003843,elderly_010,2025-11-28T09:36:00,right,119,sitting,84,190,False
REC_003844,elderly_010,2025-11-28T19:09:00,right,98,sitting,90,160,False
REC_003856,elderly_010,2025-11-29T07:07:00,right,122,sitting,91,140,False
REC_003857,elderly_010,2025-11-29T20:27:00,right,108,sitting,82,154,False
REC_003869,elderly_010,2025-11-30T08:06:00,right,106,sitting,86,155,False
REC_003870,elderly_010,2025-11-30T21:17:00,left,92,sitting,85,163,False
REC_003882,elderly_010,2025-12-01T08:07:00,left,112,sitting,85,203,False
REC_003883,elderly_010,2025-12-01T21:36:00,right,101,sitting,75,173,False
REC_003895,elderly_010,2025-12-02T09:58:00,right,89,sitting,93,141,False
REC_003896,elderly_010,2025-12-02T21:08:00,left,113,sitting,86,174,False
REC_003909,elderly_010,2025-12-03T08:59:00,left,113,sitting,93,162,False
REC_003910,elderly_010,2025-12-03T20:30:00,left,116,sitting,86,149,False
